<?xml version="1.0" encoding="UTF-8" standalone="yes"?>
<addon id="plugin.video.area51wiz" 
       name="[COLOR black]Area51[/COLOR] [COLOR red]Wizard[/COLOR]" 
       version="3.6" 
       provider-name="Area51">
  <requires>
    <import addon="xbmc.python" version="2.1.0"/>
	<import addon="script.module.requests" version="2.9.1"/>
  </requires>
  <extension point="xbmc.python.pluginsource" library="default.py">
    <provides>video executable</provides>
  </extension>
  <extension point="xbmc.service" library="startup.py" start="startup" />
  <extension point="xbmc.addon.metadata">
    <summary lang="en">[COLOR lime]Kodi No Limits Builds[/COLOR] - [COLOR white]SUBSCRIBE!![/COLOR]</summary>
    <description lang="en">Temp wizard for the area51 repo</description>
    <platform>all</platform>
  </extension>
</addon>