<?xml version="1.0" encoding="UTF-8" standalone="yes"?>
<addon id="plugin.program.area51wiz" name="Area 51 Builds" version="1.0.0" provider-name="Area51">
  <requires>
    <import addon="xbmc.python" version="2.1.0"/>
  </requires>
  <extension point="xbmc.python.pluginsource" library="default.py">
    <provides>executable</provides>
  </extension>
  <extension point="xbmc.service" library="startup.py" start="startup" />
  <extension point="xbmc.addon.metadata">
    <summary lang="en">Area51 Wizard</summary>
    <description lang="en">Wizard for Area 51 Builds</description>
    <platform>all</platform>
  </extension>
</addon>